n,m,c,k
1,2,1,1
2,3,72,1
3,4,256,2
4,5,800,3
5,6,2304,4
6,7,6272,5
7,8,16384,6
8,9,41472,7
9,10,102400,8
10,11,247808,9
11,12,589824,10
12,13,1384448,11
13,14,3211264,12
14,15,7372800,13
15,16,16777216,14
16,17,37879808,15
17,18,84934656,16
18,19,189267968,17
19,20,419430400,18
20,21,924844032,19
21,22,2030043136,20
22,23,4437573632,21
23,24,9663676416,22
24,25,20971520000,23
25,26,45365592064,24
26,27,97844723712,25
27,28,210453397504,26
28,29,451508436992,27
29,30,966367641600,28
30,31,2063731785728,29
31,32,4398046511104,30
32,33,9354438770688,31
33,34,19859928776704,32
34,35,42090679500800,33
35,36,89060441849856,34
36,37,188153927303168,35
37,38,396923697627136,36
38,39,836178592923648,37
39,40,1759218604441600,38
40,41,3696558092582912,39
41,42,7758154045587456,40
42,43,16263975998062592,41
43,44,34058472181989376,42
44,45,71248353479884800,43
45,46,148900262679937024,44
46,47,310889111776919552,45
47,48,648518346341351424,46
48,49,1351642838164570112,47
49,50,2814749767106560000,48
50,51,5856931315395330048,49
51,52,12177733392409821184,50
52,53,25301222706567446528,51
53,54,52529986053649465344,52
54,55,108987110982366003200,53
55,56,225972614902942007296,54
56,57,468230246058455728128,55
57,58,969606985374358306816,56
58,59,2006659878768217161728,57
59,60,4150517416584649113600,58
60,61,8580041837284155195392,59
61,62,17727321054834879102976,60
62,63,36607563614276605181952,61
63,64,75557863725914323419136,62
64,65,155874987422845711155200,63
65,66,321416068740315227357184,64
66,67,662459473175057417633792,65
67,68,1364763913549327466758144,66
68,69,2810398353117797607800832,67
69,70,5784898941515315386777600,68
70,71,11902724720072940761120768,69
71,72,24480747847196240787800064,70
72,73,50330981974424678687571968,71
73,74,103438715440776708760797184,72
74,75,212506491729134034616320000,73
75,76,436422220880881132068929536,74
76,77,895965148061892047104114688,75
77,78,1838776171633850974728093696,76
78,79,3772453020107450339670622208,77
79,80,7737125245533626718119526400,78
80,81,15863524604983164030494441472,79
81,82,32515268844355066282897309696,80
82,83,66626319770601443076406771712,81
83,84,136482889331213175307628445696,82
84,85,279503649494902265192067891200,83
85,86,572237783159667032072120172544,84
86,87,1171246019668880412588933906432,85
87,88,2396651916056496212204704497664,86
88,89,4902861525589748578737981489152,87
89,90,10027314318211580226682906214400,88
90,91,20502762930644468112879295397888,89
91,92,41911697970045834586984749727744,90
92,93,85655547198234031980820203307008,91
93,94,175015010994009921744138586292224,92
94,95,357517083345617823390867075891200,93
95,96,730166745731460135262101046296576,94
96,97,1490915562193426304835310057422848,95
97,98,3043629091147978792993584396107776,96
98,99,6212121766418438182034594057945088,97
99,100,12676506002282294014967032053760000,98
100,101,25862607545856336249335738796081152,99
101,102,52754547379097994772686800594927616,100
102,103,107588041742570285763828194446671872,101
103,104,219374542273096467305413469909549056,102
104,105,447227131760519332848036890856652800,103
105,106,911572617226520675533885261798703104,104
106,107,1857706460417663797470176639788777472,105
107,108,3785184409871889341198731824001449984,106
108,109,7711209872031535881821353360932995072,107
109,110,15706697997067853576304751395890790400,108
110,111,31987144797003805605562122636160401408,109
111,112,65132171793460877772286545953736884224,110
112,113,132600877173262427977411815255622811648,111
113,114,269916359894074479441529321178177470464,112
114,115,549345007632984763098526511631486156800,113
115,116,1117880744455114249112101737695769788416,114
116,117,2274475254287464173022526856022204612608,115
117,118,4627042653327292153578152376835879469056,116
118,119,9411598824155096838095405890314979770368,117
119,120,19140883139302788569814821668036961894400,118
120,121,38922454172573906590369278339129049874432,119
121,122,79136917957050751409201057140850594676736,120
122,123,160879122785839937929293576119850664722432,121
123,124,327011354611021863388302997741929251209216,122
124,125,664613997892457936451903530140172288000000,123
125,126,1350580714309204761486133816896688031268864,124
126,127,2744207148033908238600384521633494741286912,125
127,128,5575186299632655785383929568162090376495104,126
128,129,11325277735862673940988033684544109613678592,127
129,130,23003088003855440130124123462387531094425600,128
130,131,46716685589841799771959773105092594214371328,129
131,132,94865279379686908598173426558258069062549504,130
132,133,192616153230863375366516269787537532558245888,131
133,134,391047051547671747196694684866869120313851904,132
134,135,793810705553165247567360284216828883684556800,133
135,136,1611228840593837521975955645198844118807085056,134
136,137,3270020989306416138620967939526071071138643968,135
137,138,6635865493137768548553222168504928070623297536,136
138,139,13464771811900317803675362898307468520532738048,137
139,140,27318412868200013348381254883994242844826009600,138
140,141,55420139411498414834608951872315259387549581312,139
141,142,112418056545792871256481555812420390351647277056,140
142,143,228013969282376356310631951478693172217896763392,141
143,144,462428252436731001462884654101636424188009906176,142
144,145,937746335598212703101576953364863601326476492800,143
145,146,1901450738607515051539901482799089895445914189824,144
146,147,3855174423960385883723562689229267550261846474752,145
147,148,7815608365257836308675173968705435366831920513024,146
148,149,15843163012882507659687503403874120761416678899712,147
149,150,32113073085884097323811434312613640568611799040000,148
150,151,65085349282777182496019956778835877209326011547648,149
151,152,131900522769113988367882556152644542523947912003584,150
152,153,267283529908430518845547330070745853180669725769728,151
153,154,541577700483432712626852960823427626471251502956544,152
154,155,1097268026152341956557610253312771860851055604531200,153
155,156,2222943990380303338587804630561466472896673397866496,154
156,157,4503069232321178253850328430202957518937385156476928,155
157,158,9121231718582165112509197040982322325672675000713216,156
158,159,18474111446681278337553678127950175509960815309488128,157
159,160,37414441915671114706014331717536845303191873100185600,158
160,161,75767167882508669085515429097677544305002854892961792,159
161,162,153422595880448864741350018999224526271401174631448576,160
162,163,310645096017958077070029618563511388393907773874634752,161
163,164,628936768602431438208100916171794369546655386814119936,162
164,165,1273260226442682622339050226262425766724248431440691200,163
165,166,2577480903570583092097327312021113272936888137871785984,164
166,167,5217256852930758590180168486351925393303590744455380992,165
167,168,10559852086279015414625484983957599218372874263796383744,166
168,169,21371877511069654142369506563691396774089261752288018432,167
169,170,43251094854515808600152567465472593170489805303814553600,168
170,171,87522855684491125209485205900199591480850684905802170368,169
171,172,177099015941314281194036478325057605031940539807342526464,170
172,173,358328586270118653451616938871731277785353462404945543168,171
173,174,724966171800869548057145540531293138175639775987980304384,172
174,175,1466646123094307696475761803327444335885121425527275520000,173
175,176,2966911367116360829781759844562998579485878940547453812736,174
176,177,6001444099973429005438581751699004551698934744861259071488,175
177,178,12138897179198705647056466802057599043444032586816312836096,176
178,179,24551344812441972455329898548461528276164010106942398660608,177
179,180,49652855524054799010810443679670017549247147558748710502400,178
180,181,100412172828614769777355613912942558329067024763713981775872,179
181,182,203049529182566810177047547709307365592748458732838553911296,180
182,183,410573945344462015820501468737893634001663635702453226176512,181
183,184,830146704504888531017283151219213883529536507530368564330496,182
184,185,1678389116356321477674061664135018617899243086615481103155200,183
185,186,3393165806834962620400983920082694177054329514948089656377344,184
186,187,6859499080773026238455428760629652715771352110545713215045632,185
187,188,13866117733469177807313258835865735113170103176821052238987264,186
188,189,28028043886218452945622279248300131506199029853962472104394752,187
189,190,56650843161864793893617999544449189405323757886287911478886400,188
190,191,114497474204320750472746716974019439262915014484746221532479488,189
191,192,231399078373294599678042541297127414763197231104722168283398144,190
192,193,467631525082836943544238640450124732666793275901681643141726208,191
193,194,944980003652052468910895082927374932945712998031393611709415424,192
194,195,1909494347904628288358847142539772123778336526205959298822963200,193
195,196,3858258244265835651576250983711131408655809388072485597558603776,194
196,197,7795457319955894200438500855208522430160521998214550893151387648,195
197,198,15749599771782363690586770467035734667320111542065152578788786176,196
198,199,31818176745350136950868620409401190111240880378396189535384895488,197
199,200,64277521770359611021678483693646504100888119751311713412055040000,198
200,201,129843807852214932244341620985350620608999046303637226678021783552,199
